WKT,PLANID,NAAM_GEBIE
"POLYGON ((92347.13 437659.22,92148.25 437596.62,92021.825 437556.939,91775.6 437486.03,91759.309057 437486.809693,91716.554914 437486.920455,91646.99636 437494.784559,91634.79 437495.3,91580.148 437500.0,91524.393 437507.006,91455 437515,91433.91 437510.16,91432.316 437551.784,91446.909189 437552.831317,91480.231 437555.223,91486.431632 437554.181921,91515.684541 437549.270392,91576.88 437546.75,91657.232 437534.222,91736.141 437532.19,91865.667 437571.0,92011.95 437616.8,92109.17 437645.94,92241.039 437688.546,92267.21 437696.94,92329.43 437716.53,92369.402826 437729.65441,92394.684204 437738.304648,92411.605397 437675.480218,92347.13 437659.22))","0",Weena
"POLYGON ((92724.333 437236.333,92679.803 437223.638,92655.809 437216.798,92645.308205 437213.976543,92629.721834 437210.418707,92615.442842 437260.310657,92638.98 437267.73,92641.19 437260.62,92647.94 437254.83,92705.53 437272.76,92704.91 437274.65,92715.83 437278.13,92724.333 437236.333))","0",Beursplein
"POLYGON ((92542.96 437515.35,92631.733425 437202.986564,92682.935 437012.335,92618.102 436996.741,92543.284406 437251.10585,92419.814166 437669.211504,92490.807639 437688.149571,92508.764288 437624.610636,92542.96 437515.35))","0",Coolsingel
"POLYGON ((92463.342712 437521.811359,92474.563321 437483.81516,92350.77 437450.42,92350.34 437451.68,92340.246975 437448.406856,92333.831 437468.95,92359.667 437477.667,92357 437485,92444.703 437515.581,92446.688 437510.616,92454.52 437513.31,92452.842 437517.965,92463.342712 437521.811359))","0",Stadhuisplein
"POLYGON ((92550.667 437084.667,92563.063187 437087.588366,92574.333 437050.667,92565.333 437048.0,92564.667 437050.333,92498.0 437030.333,92489.333 437027.333,92485.667 437026.667,92485 437029,92473 437026,92447.0 437012.667,92449.0 437005.667,92443 437003,92436 437014,92382.95037 436983.798355,92368.07 437007.42,92455.126 437053.865,92472.775164 437059.363757,92477.573 437044.49,92532.0 437059.88,92527.0 437078.333,92550.667 437084.667))","0",Binnenwegplein
"POLYGON ((92195.455 437438.76,92222.2 437354.94,92249.6 437267.66,92227.14 437260.75,92144.91 437235.01,92118.34 437228.02,92119.696 437222.537,92106.423254 437219.021991,92099.44 437245.179,92112.58 437248.641,92112.178 437250.176,92118.846 437252.012,92119.82 437248.91,92132.308 437253.553,92115.773441 437308.433709,92110.762358 437306.845976,92087.371 437354.842,92043.174234 437342.101899,92038.261 437390.352,92165.333 437430.0,92195.455 437438.76),(92089.984401 437386.711592,92095.853 437370.793,92103.012567 437355.197203,92106.892599 437346.745268,92108.0 437344.333,92109.951868 437341.124084,92127.667 437312.0,92156.667 437321.333,92147.0 437351.667,92144.333 437351.0,92124.782 437381.858,92120.25286 437386.867207,92113.655 437394.007,92089.984401 437386.711592))","0",Schouwburgplein
"POLYGON ((92472.775164 437059.363757,92455.126 437053.865,92432.84 437125.62,92406.0 437207.333,92373.667 437305.333,92366.3547 437327.880897,92336.077 437419.358,92334.89 437422.86,92325.337 437450.988,92324.04 437463.55,92310.28 437503.273,92302.22 437521.98,92287.41 437569.01,92284.55 437577.99,92278.17 437598.26,92269.06 437626.38,92266.772997 437633.926615,92284.205412 437639.413688,92291.52 437616.05,92314.731 437542.601,92317.659 437543.558,92320.93 437533.267,92321.628 437508.432,92340.246975 437448.406856,92345.966762 437450.261769,92352.982 437429.05,92353.37 437423.96,92384.667 437328.667,92392.333 437309.667,92417.043315 437237.240213,92421.333 437224.667,92422.0 437218.667,92421 437215,92421.667 437210.667,92433.53 437174.64,92446.928 437131.789,92449.45 437132.6,92455.61 437113.07,92461.35 437095.08,92458.973 437094.322,92468.0 437066.03,92470.37 437066.82,92472.775164 437059.363757))","0",Lijnbaan
"POLYGON ((92406.0 437207.333,92412.779778 437186.692314,92286.207166 437151.363153,92280.096 437170.886,92292.02 437174.66,92360.27 437193.46,92372.37 437197.45,92406.0 437207.333))","0",van Oldenbarneveltplaats
"POLYGON ((97322.333 433392.333,97321.938 433367.646,97317.557331 433368.491565,97319.502326 433319.261212,97212.637264 433321.074849,97105.214161 433331.119607,97032.651336 433342.248624,97048.293867 433423.754595,97079.125693 433418.871726,97078.986183 433514.296925,97075.77744 433517.226646,97073.824293 433610.977718,97081.218351 433610.838207,97080.241777 433647.948006,97093.901282 433666.939777,97136.548453 433635.789495,97187.451728 433707.76664,97231.908891 433707.794218,97257.280632 433689.382632,97280.857911 433692.172843,97287.943329 433669.635697,97328.021 433501.995,97317.934205 433500.296874,97318.828733 433394.32388,97322.333 433392.333))","0",Keizerswaard
"POLYGON ((97597.531872 433968.952458,97618.892 433881.081,97420.046439 433837.97361,97446.831174 433964.428464,97452.754721 433995.591473,97526.134371 433981.683923,97545.167661 433978.517139,97550.826247 434007.192925,97566.760652 434003.733114,97561.640167 433976.053509,97597.531872 433968.952458))","0",Prinsenplein
"POLYGON ((96317.200107 432343.625488,96094.97 432748.886,96165.841379 432785.925673,96234.341902 432822.456734,96246.400409 432822.211891,96253.287833 432822.517999,96261.09358 432826.497399,96320.631532 432858.179549,96368.231283 432878.994874,96398.842055 432883.127328,96428.840612 432876.546012,96450.268153 432865.526134,96479.654494 432837.21117,96513.326344 432791.141957,96557.865017 432711.860057,96593.679621 432627.221271,96632.103 432480.685,96490.677833 432419.130582,96482.160095 432430.834737,96317.200107 432343.625488))","0",Maasstad ziekenhuis
"POLYGON ((68906.463285 443655.8557,68734.237937 443444.255162,65818.447468 444787.254975,68071.278784 446871.582641,68826.5452 446325.9216,68076.310431 445334.918149,68140.340396 445398.152012,68310.717 445325.844,68289.653 445262.465,68496.658 445143.812,68163.881761 444663.086638,68234.637247 444612.393954,68157.333 444492.0,68156.707 444433.762,68202.667 444387.0,68384.764967 444507.231311,68714.43077 444274.618915,68596.039 443987.686,68617.405535 443923.605592,68906.463285 443655.8557))","0",Hoek van Holland
"POLYGON ((97616.3479 440672.399902,97616.69751 440670.115723,97616.764893 440669.759521,97616.846924 440669.406677,97616.943298 440669.057312,97617.053894 440668.712097,97617.178711 440668.371887,97617.317322 440668.037109,97617.469299 440667.70813,97617.634888 440667.385681,97617.813293 440667.070313,97620.876099 440658.570679,97631.440491 440659.836304,97631.620911 440658.363525,97624.320129 440657.490112,97625.160095 440650.5401,97626.080078 440646.960083,97626.650085 440645.590088,97627.7901 440643.380127,97629.350098 440641.170105,97629.860107 440640.590088,97629.610107 440640.350098,97629.80011 440640.100098,97633.496094 440642.848511,97636.0401 440644.740112,97636.580078 440644.080078,97637.05011 440643.620117,97637.760071 440643.150085,97639.200073 440642.590088,97641.090088 440642.510071,97641.116089 440642.364075,97641.159119 440642.222107,97641.218079 440642.086121,97641.292725 440641.957886,97641.381531 440641.839111,97641.483521 440641.731506,97641.597473 440641.636475,97641.72168 440641.555481,97641.854309 440641.489319,97641.993896 440641.438904,97642.138306 440641.405273,97642.285706 440641.388489,97642.433899 440641.389099,97642.581116 440641.406677,97642.725281 440641.441528,97642.864502 440641.492676,97642.996887 440641.559692,97643.120483 440641.641724,97643.233704 440641.737488,97643.335083 440641.845703,97643.423096 440641.965088,97643.496704 440642.093689,97643.554871 440642.230103,97643.596924 440642.372498,97643.62207 440642.518494,97643.629883 440642.666687,97643.620728 440642.814697,97646.790527 440643.196106,97652.170898 440643.843872,97683.38208 440647.600708,97683.522278 440647.451904,97683.677917 440647.319092,97683.84729 440647.204529,97684.028076 440647.108887,97684.218506 440647.033875,97684.415894 440646.980286,97684.61792 440646.94873,97684.822327 440646.939514,97685.026306 440646.952698,97685.227722 440646.988281,97685.424072 440647.045715,97685.612915 440647.124512,97685.79187 440647.223328,97685.958923 440647.341309,97686.111877 440647.477112,97686.249329 440647.628723,97686.368896 440647.794495,97686.46991 440647.972473,97707.220093 440650.470276,97706.510071 440656.350098,97706.95929 440656.406494,97708.020081 440656.5401,97707.06012 440664.56012,97701.81012 440663.930115,97701.440125 440667.150085,97704.5755 440668.672485,97708.542114 440669.144897,97710.035522 440656.813721,97715.976501 440657.550293,97714.508484 440669.863709,97776.369873 440677.288696,97777.378906 440677.193115,97778.364685 440676.956726,97779.307495 440676.584473,97780.188721 440676.083313,97780.990723 440675.463684,97781.697876 440674.737305,97782.296082 440673.919128,97782.773499 440673.024902,97783.120728 440672.07251,97788.010315 440630.651489,97788.077515 440630.08252,97788.063904 440629.152893,97787.898926 440628.238281,97787.587097 440627.362488,97787.136902 440626.549316,97786.56012 440625.820313,97785.872314 440625.195129,97785.091675 440624.690308,97784.239319 440624.319519,97783.338074 440624.092285,97777.888672 440623.428284,97774.509888 440623.020081,97770.316895 440622.513306,97766.418091 440622.042114,97758.83728 440621.125916,97754.697876 440620.625671,97750.868103 440620.16272,97743.29187 440619.24707,97739.46228 440618.784302,97735.755127 440618.336304,97731.802673 440617.858704,97727.538086 440617.343323,97723.965088 440616.94812,97720.123108 440616.486511,97717.000488 440616.111084,97716.259277 440616.022095,97711.953491 440615.5047,97709.81189 440615.247314,97708.834106 440615.127502,97707.856323 440615.007324,97705.494324 440614.714478,97703.876099 440614.512085,97701.773499 440614.246887,97699.671082 440613.979309,97697.634705 440613.717712,97695.598694 440613.453918,97693.263306 440613.148315,97690.928284 440612.839722,97688.993713 440612.581726,97687.059509 440612.321716,97684.938721 440612.034119,97682.818115 440611.74408,97680.814697 440611.467712,97678.811707 440611.189087,97676.988892 440610.933716,97675.000122 440610.65271,97672.317322 440610.270325,97669.801086 440609.907898,97666.981873 440609.566101,97642.937683 440606.650696,97635.5047 440605.819092,97635.886108 440602.430725,97637.051841 440593.336265,97635.0112 440592.825,97634.9042 440593.2518,97635.0012 440593.2761,97634.9793 440593.3634,97634.5428 440593.254,97628.616 440591.7691,97628.1795 440591.6598,97628.2014 440591.5725,97628.2984 440591.5968,97628.4053 440591.17,97627.8039 440591.0193,97627.869 440590.7676,97626.904239 440590.524804,97621.7267 440589.2218,97621.6632 440589.4739,97620.8246 440589.2629,97620.8881 440589.0108,97614.921 440587.4967,97614.8573 440587.7488,97613.803847 440587.4823,97615.80249 440580.513672,97615.550476 440580.44989,97615.764282 440579.604126,97616.016296 440579.667725,97617.544495 440573.539307,97617.29248 440573.475098,97617.507507 440572.633118,97617.759277 440572.69751,97618.164124 440571.058289,97617.912292 440570.993896,97618.65033 440568.104919,97618.9021 440568.169128,97619.295715 440566.550293,97619.043884 440566.485107,97619.261292 440565.647522,97619.512878 440565.712891,97621.048523 440559.575317,97620.797119 440559.509277,97621.018677 440558.663879,97621.270325 440558.729675,97622.805298 440552.593872,97622.55249 440552.532715,97622.758118 440551.685303,97623.010681 440551.746704,97624.5177 440545.754089,97624.265503 440545.690491,97624.529907 440544.641907,97625.53833 440544.896301,97625.47467 440545.148315,97630.145081 440546.325928,97631.583496 440546.688721,97631.647095 440546.436523,97632.287109 440546.5979,97632.164917 440547.082703,97633.318726 440547.373718,97635.702087 440537.833313,97639.425903 440522.926331,97639.323914 440522.900513,97640.287476 440518.936523,97644.543518 440519.97113,97644.501099 440520.146118,97645.67688 440520.431885,97647.343506 440513.818298,97649.02832 440507.132324,97649.576904 440504.955078,97652.266479 440494.282715,97651.28772 440493.828125,97659.573914 440476.233704,97664.584473 440465.594727,97667.856689 440464.624695,97667.683899 440463.858704,97667.556091 440463.083923,97667.473694 440462.302917,97667.43689 440461.518494,97667.445923 440460.733276,97667.500488 440459.94989,97667.600891 440459.171082,97667.746277 440458.399475,97667.936707 440457.637695,97670.797913 440458.319092,97671.297729 440456.887085,97672.19928 440455.304688,97673.366272 440453.866089,97674.763123 440452.647705,97676.33728 440451.668274,97678.049316 440451.000122,97679.865112 440450.651123,97681.391907 440450.621277,97681.617493 440447.712524,97682.693909 440447.809692,97683.759277 440447.991882,97684.806885 440448.258118,97685.829895 440448.606689,97686.822083 440449.035522,97687.7771 440449.541504,97688.688904 440450.121887,97689.551697 440450.772705,97690.360291 440451.490112,97692.126282 440449.681091,97723.81488 440451.926514,97742.410706 440453.243896,97746.554688 440454.281311,97769.160095 440459.940125,97768.980103 440460.620117,97773.55011 440461.770081,97773.720093 440461.090088,97781.080078 440462.940125,97783.980286 440463.669312,97788.200073 440464.730103,97787.141724 440468.9505,97780.037903 440497.27948,97779.160095 440500.78009,97783.81012 440501.950073,97781.809875 440509.931702,97785.213074 440510.781677,97786.309082 440506.475891,97786.322876 440506.391113,97786.321899 440506.305298,97786.306274 440506.220886,97786.276306 440506.14032,97786.233093 440506.066284,97786.177673 440506.000671,97786.112122 440505.945496,97786.03772 440505.902283,97785.957275 440505.872681,97784.990723 440505.62793,97786.192322 440500.735718,97807.44989 440506.074707,97806.284912 440510.974121,97804.344482 440510.463074,97804.259888 440510.457092,97804.175293 440510.464111,97804.092896 440510.484314,97804.014526 440510.51709,97803.942322 440510.561707,97803.87793 440510.616882,97803.822693 440510.681519,97803.77832 440510.753906,97803.745728 440510.832275,97802.697327 440515.128296,97802.346313 440515.060913,97802.217896 440515.582092,97801.577087 440515.424072,97800.460327 440519.955872,97803.785095 440520.765076,97803.874695 440520.786926,97803.74353 440521.313477,97803.609314 440521.273071,97801.810913 440528.430725,97801.946716 440528.464722,97801.906677 440528.624512,97801.841919 440528.881897,97801.706116 440528.847717,97799.910278 440535.995483,97800.046082 440536.029724,97799.941284 440536.446716,97799.805481 440536.412476,97798.021301 440543.554688,97798.157104 440543.588928,97798.043274 440544.013306,97797.907898 440543.977478,97796.104309 440551.139893,97796.240295 440551.173096,97796.063904 440551.897705,97795.995911 440551.881104,97795.927917 440551.864502,97794.897888 440551.613708,97790.342896 440558.948486,97790.003479 440558.923279,97789.777527 440565.4823,97791.791077 440565.995117,97791.836487 440565.800293,97792.445679 440565.953491,97792.513306 440565.97229,97792.33429 440566.704285,97792.20813 440566.673523,97790.411316 440573.828308,97790.53772 440573.858276,97790.437927 440574.278503,97790.311523 440574.248474,97788.514282 440581.39032,97788.64032 440581.422485,97788.535522 440581.831299,97788.409729 440581.799072,97786.614319 440588.958313,97786.740906 440588.988281,97786.639099 440589.41571,97786.512512 440589.385498,97784.713501 440596.525696,97784.840088 440596.555115,97784.742126 440596.975525,97784.615479 440596.946106,97782.814514 440604.090088,97782.941101 440604.118896,97782.845703 440604.538879,97782.719116 440604.510071,97781.810913 440608.099487,97781.937073 440608.131287,97781.612915 440609.410706,97780.805481 440614.198303,97781.359314 440614.234924,97781.913879 440614.255676,97782.468689 440614.260681,97783.023682 440614.249695,97783.577881 440614.223084,97784.131287 440614.180481,97784.683105 440614.122314,97785.233276 440614.048279,97785.780884 440613.958679,97786.325317 440613.845276,97786.867126 440613.71991,97787.405884 440613.582886,97787.941711 440613.434082,97788.474121 440613.273499,97789.00293 440613.101501,97789.52771 440612.917908,97790.048523 440612.7229,97790.56488 440612.516479,97794.990112 440610.499084,97795.683289 440610.070313,97796.35553 440609.609497,97797.005493 440609.117676,97797.631531 440608.595886,97798.232483 440608.045105,97798.806702 440607.466919,97799.353271 440606.862305,97799.870911 440606.232727,97800.358276 440605.579529,97800.588684 440605.116272,97800.597473 440605.086487,97800.605286 440605.056702,97800.612122 440605.026489,97800.617676 440604.996094,97800.622314 440604.965515,97800.625916 440604.934692,97800.628296 440604.903931,97800.629517 440604.873108,97800.629883 440604.842102,97800.6297 440604.830322,97800.629272 440604.818481,97800.628723 440604.806702,97800.628113 440604.794922,97800.627075 440604.783081,97800.626099 440604.771301,97800.624878 440604.759521,97800.623718 440604.747681,97800.62207 440604.736084,97800.614929 440604.690308,97800.605103 440604.645081,97800.592896 440604.600281,97800.578308 440604.556274,97800.561523 440604.513306,97800.542297 440604.47113,97800.520874 440604.430115,97800.497314 440604.390076,97800.471497 440604.351685,97794.0271 440595.315674,97793.94812 440595.220276,97793.85791 440595.135071,97793.758118 440595.061523,97793.650085 440595.000671,97793.535522 440594.953491,97793.416077 440594.920471,97793.293518 440594.902283,97793.169495 440594.899292,97793.046326 440594.911072,97792.925293 440594.93811,97792.808289 440594.979492,97792.69751 440595.034912,97792.594116 440595.103271,97792.499878 440595.183716,97792.416077 440595.275085,97792.344116 440595.375916,97792.284729 440595.48468,97792.239319 440595.600098,97791.972717 440596.556702,97790.364502 440602.95813,97787.275879 440602.157715,97796.015686 440567.262878,97799.102295 440568.051697,97793.819519 440589.2453,97793.302124 440591.273682,97793.296875 440591.357727,97793.298279 440591.441711,97793.306274 440591.525513,97793.321106 440591.608521,97793.342285 440591.68988,97793.370117 440591.769287,97793.403931 440591.846313,97793.443726 440591.920471,97793.489319 440591.991272,97800.480896 440601.786072,97800.5849 440601.907715,97800.706482 440602.011292,97800.842712 440602.09491,97800.990295 440602.156128,97801.145691 440602.193481,97801.305115 440602.206299,97801.464478 440602.193909,97801.619873 440602.156921,97801.7677 440602.09613,97801.781921 440602.088928,97801.795715 440602.081299,97801.809509 440602.073486,97801.823303 440602.065674,97801.836914 440602.057495,97801.850281 440602.049316,97801.863708 440602.04071,97801.876892 440602.032104,97801.889893 440602.023071,97801.934326 440601.964111,97801.973877 440601.901917,97802.008301 440601.836487,97802.037476 440601.768677,97802.061096 440601.69873,97802.079102 440601.627319,97802.091309 440601.554504,97802.097717 440601.480896,97802.098083 440601.407104,97801.613892 440600.079712,97801.28833 440599.121704,97800.548096 440596.202087,97800.412292 440595.498291,97800.285889 440594.79248,97800.169128 440594.085327,97800.06189 440593.376526,97799.964294 440592.666321,97799.876099 440591.954895,97799.797729 440591.24231,97799.728882 440590.528687,97799.669922 440589.81427,97799.621521 440589.144287,97799.585327 440588.473511,97799.561523 440587.802307,97799.549927 440587.130493,97799.55072 440586.458923,97799.563721 440585.787292,97799.589111 440585.115906,97799.626709 440584.445313,97799.676697 440583.775513,97799.715088 440583.134888,97799.763916 440582.495117,97799.822876 440581.856079,97799.891907 440581.218079,97799.971313 440580.581299,97800.06073 440579.945923,97800.160095 440579.312073,97800.269897 440578.679688,97800.389526 440578.049316,97800.803528 440575.991882,97800.84668 440575.822083,97800.895325 440575.653931,97800.94928 440575.487305,97801.008301 440575.322327,97801.07251 440575.159485,97801.141907 440574.998474,97801.216309 440574.839905,97801.295471 440574.683899,97801.3797 440574.530273,97803.532104 440571.156311,97803.573486 440571.074097,97803.613708 440570.991272,97803.653076 440570.907898,97803.691284 440570.82428,97803.728516 440570.740112,97803.764709 440570.655273,97803.799927 440570.570312,97803.833923 440570.48468,97803.867126 440570.398926,97806.319885 440560.738098,97807.162903 440557.375122,97807.743286 440546.258118,97811.622498 440530.780701,97813.548706 440523.095276,97817.696472 440506.594299,97818.136902 440504.842102,97825.302673 440476.193481,97825.974487 440473.508118,97826.434082 440471.717102,97826.440125 440471.689514,97826.444702 440471.661316,97826.447693 440471.633118,97826.449097 440471.604675,97826.448914 440471.576294,97826.446899 440471.548096,97826.443481 440471.519897,97826.438721 440471.491882,97826.432129 440471.464294,97826.413696 440471.408325,97826.388916 440471.354919,97826.358093 440471.304871,97826.321472 440471.258484,97826.28009 440471.216919,97826.233887 440471.180298,97826.183899 440471.149292,97826.130676 440471.124329,97826.07489 440471.105713,97824.126709 440470.58728,97824.041077 440470.575928,97823.954895 440470.578918,97823.8703 440470.59613,97823.789673 440470.626892,97823.715515 440470.670715,97823.649292 440470.726318,97823.593323 440470.79187,97823.549072 440470.865906,97823.517517 440470.946289,97822.876282 440473.352112,97822.24353 440475.878296,97815.180115 440504.076111,97814.737671 440505.839478,97810.586121 440522.384705,97808.670715 440530.02771,97801.490112 440558.680298,97798.37793 440557.908081,97805.504517 440529.531128,97807.485474 440521.643494,97811.577271 440505.280701,97811.607727 440505.159485,97817.973083 440479.788513,97818.325317 440478.384888,97818.379517 440478.06427,97818.424683 440477.74231,97818.460876 440477.419128,97818.487671 440477.095093,97818.50531 440476.770325,97818.513489 440476.445313,97818.512512 440476.120117,97818.502319 440475.794922,97818.48291 440475.470276,97818.448303 440475.091492,97818.401306 440474.714111,97818.341492 440474.338501,97818.269287 440473.964905,97818.184692 440473.594116,97818.087708 440473.226318,97817.978699 440472.861877,97817.857483 440472.501282,97817.724304 440472.145081,97817.425903 440471.401917,97817.067322 440470.685913,97816.650879 440470.001892,97816.179504 440469.354675,97815.656311 440468.748291,97815.0849 440468.187317,97814.469116 440467.675293,97813.813293 440467.215881,97813.121887 440466.812073,97812.944092 440466.720093,97812.764526 440466.63208,97812.583313 440466.547485,97812.40033 440466.466919,97812.215515 440466.390076,97812.029297 440466.316895,97811.841675 440466.247681,97811.65271 440466.182495,97811.46228 440466.121094,97810.979126 440465.974304,97810.949707 440465.97168,97810.920471 440465.973511,97810.891479 440465.979492,97810.863892 440465.989685,97810.838074 440466.003723,97810.814514 440466.021484,97810.793701 440466.042297,97810.776306 440466.065918,97810.762329 440466.091919,97810.135315 440468.561523,97792.075073 440464.014099,97792.599487 440461.90033,97792.605286 440461.817505,97792.598694 440461.73468,97792.579712 440461.653931,97792.548889 440461.576721,97792.50708 440461.505127,97792.454895 440461.440491,97792.393921 440461.384277,97792.32489 440461.337891,97792.250122 440461.302307,97791.238525 440461.061096,97791.161316 440461.049316,97791.083313 440461.050903,97791.006531 440461.065491,97790.933289 440461.092712,97790.865723 440461.131897,97790.805725 440461.181885,97790.755127 440461.241089,97790.714905 440461.308289,97790.686707 440461.381104,97790.325073 440462.695923,97789.662903 440462.529114,97781.6875 440460.520508,97745.793091 440451.479919,97746.099487 440450.190918,97746.108704 440450.108887,97746.104126 440450.026306,97746.085876 440449.945679,97746.054688 440449.86908,97746.011292 440449.798706,97745.956909 440449.736511,97745.893127 440449.684082,97745.821289 440449.642883,97745.743896 440449.614319,97743.4823 440449.051697,97743.452698 440449.044312,97740.078491 440448.205078,97725.34967 440448.108093,97725.171082 440448.098694,97722.836304 440447.974304,97722.763123 440447.978699,97722.691711 440447.9953,97722.624084 440448.023499,97722.562317 440448.062927,97722.507874 440448.111877,97722.46228 440448.169495,97722.427307 440448.233704,97722.40332 440448.303101,97722.391479 440448.375305,97722.309326 440449.720703,97691.784912 440447.576294,97691.883484 440446.247925,97691.881287 440446.167725,97691.865723 440446.089111,97691.837097 440446.014099,97691.796326 440445.944885,97691.74469 440445.883484,97691.683289 440445.831726,97691.614319 440445.790894,97691.539307 440445.762085,97691.460693 440445.746521,97680.06073 440444.928101,97678.726929 440444.907288,97677.394287 440444.973328,97676.069092 440445.126099,97674.756531 440445.364929,97673.46228 440445.688721,97672.192078 440446.096313,97670.951111 440446.585693,97669.744507 440447.154907,97668.577698 440447.801697,97667.99353 440448.190674,97667.421082 440448.597107,97666.861328 440449.020325,97666.314514 440449.460327,97665.781128 440449.916687,97665.261719 440450.388672,97664.756714 440450.876099,97664.266479 440451.378479,97663.791687 440451.895508,97659.430115 440451.06012,97657.573914 440450.677917,97656.366516 440453.212524,97656.309082 440453.333679,97656.258301 440453.400513,97656.198486 440453.459473,97656.131104 440453.509705,97656.057495 440453.549683,97655.978699 440453.579102,97655.896729 440453.597107,97655.81311 440453.603516,97655.729309 440453.5979,97655.647095 440453.580688,97654.493896 440453.005127,97620.13092 440525.960327,97621.315125 440526.511902,97621.390686 440526.554504,97621.45813 440526.609314,97621.515076 440526.674683,97621.560303 440526.748901,97621.592285 440526.829529,97621.610291 440526.91449,97621.613525 440527.001282,97621.601929 440527.08728,97621.576111 440527.170288,97619.442505 440526.227905,97619.317688 440526.580688,97619.192688 440526.933472,97619.067322 440527.286072,97618.941711 440527.638672,97618.815918 440527.991089,97618.689697 440528.343506,97618.563477 440528.695679,97618.43689 440529.047913,97618.31012 440529.400085,97612.960083 440545.920105,97611.880127 440547.860107,97604.659302 440576.302673,97603.980103 440576.130127,97602.759277 440581.122681,97602.390076 440581.03009,97601.200073 440580.750122,97578.644897 440670.551331,97578.590088 440670.770081,97578.570129 440672.880127,97579.156494 440673.026672,97579.7901 440670.380127,97582.048889 440670.988281,97585.360107 440671.880127,97591.250122 440673.340088,97591.0401 440674.850098,97594.380127 440675.30011,97594.06012 440677.670105,97595.406494 440677.858093,97596.999878 440678.080688,97606.090088 440679.350098,97605.430115 440684.220093,97614.479814 440685.438608,97615.177124 440680.612915,97616.3479 440672.399902),(97604.907104 440601.978882,97605.484314 440600.7995,97615.238098 440609.570496,97614.065308 440611.095886,97612.876526 440612.64209,97611.670715 440613.978516,97611.087708 440614.624695,97609.133118 440616.518677,97608.196106 440617.341919,97607.233521 440618.135071,97606.246277 440618.897278,97605.235474 440619.62793,97604.202087 440620.326294,97603.147095 440620.991516,97602.071472 440621.623108,97600.976501 440622.220276,97599.863281 440622.782471,97599.919922 440621.555908,97600.0047 440620.331116,97600.117676 440619.108521,97600.258728 440617.888672,97600.427917 440616.67273,97600.625122 440615.460693,97600.850098 440614.253723,97601.102722 440613.052124,97601.383118 440611.856689,97601.714722 440610.586304,97602.077881 440609.32428,97602.472473 440608.071899,97602.898071 440606.829712,97603.354919 440605.598511,97603.842102 440604.379272,97604.359497 440603.172485,97604.907104 440601.978882),(97623.176086 440542.373901,97621.515503 440541.935486,97621.495117 440541.935303,97621.474915 440541.9375,97621.454895 440541.941895,97621.43573 440541.948914,97621.41748 440541.957886,97621.40033 440541.968872,97621.384705 440541.982117,97621.370728 440541.996887,97621.358521 440542.013123,97625.528687 440531.525513,97625.519104 440531.557922,97625.514282 440531.590515,97625.513916 440531.623291,97625.5177 440531.655884,97625.525696 440531.687683,97625.537903 440531.718323,97625.553894 440531.746887,97625.57373 440531.773071,97625.59668 440531.796692,97627.077087 440532.467529,97623.176086 440542.373901),(97628.72168 440528.785095,97627.257874 440528.098877,97627.225891 440528.088074,97627.192322 440528.08313,97627.158508 440528.083679,97627.125122 440528.089905,97627.093506 440528.101929,97627.064087 440528.118896,97627.03833 440528.140686,97627.016296 440528.166504,97626.999084 440528.195679,97631.634277 440518.169922,97631.624695 440518.199524,97631.6203 440518.23053,97631.620728 440518.261719,97631.626282 440518.29248,97631.636719 440518.321899,97631.651672 440518.349304,97631.670898 440518.373901,97631.693726 440518.395081,97631.719727 440518.412476,97633.181091 440519.119873,97628.72168 440528.785095),(97645.666321 440501.306274,97646.315125 440498.897705,97646.711487 440499.000488,97647.735474 440495.114075,97648.179871 440495.214478,97645.931274 440504.068481,97644.986511 440503.830688,97645.666321 440501.306274),(97644.839905 440494.279724,97643.633728 440493.708313,97643.56073 440493.683716,97643.484497 440493.671509,97643.407471 440493.672119,97643.331482 440493.685303,97643.258728 440493.710876,97643.191284 440493.748291,97643.13092 440493.796082,97643.079285 440493.853271,97643.037903 440493.918274,97661.196899 440455.428711,97661.178528 440455.506531,97661.170898 440455.586121,97661.173889 440455.666077,97661.187317 440455.744873,97661.211304 440455.821289,97661.2453 440455.893677,97661.288513 440455.961121,97661.340271 440456.021912,97661.399902 440456.0755,97662.589111 440456.622681,97644.839905 440494.279724),(97815.190125 440475.140076,97807.900085 440504.260071,97796.697083 440501.449524,97789.751526 440499.706909,97782.31012 440497.840088,97789.600098 440468.730103,97808.501892 440473.464722,97815.190125 440475.140076),(97774.032715 440674.907715,97773.101685 440675.041077,97772.161926 440675.010925,97768.059326 440674.510071,97767.977478 440675.17572,97766.037292 440674.938904,97765.962891 440674.844116,97762.520325 440670.458313,97753.406921 440669.354492,97752.933105 440673.26593,97716.7229 440668.879883,97717.155701 440665.305908,97717.056274 440665.293884,97717.758728 440659.496277,97717.91748 440659.515503,97718.836304 440651.862122,97773.231873 440658.388916,97771.825928 440664.087708,97773.462524 440664.289673,97774.382324 440664.485107,97775.254272 440664.837097,97776.052124 440665.335327,97776.751282 440665.964111,97777.330688 440666.704712,97777.772888 440667.534729,97778.064514 440668.428711,97778.196472 440669.35968,97778.164917 440670.299683,97777.970886 440671.219727,97777.620117 440672.092285,97777.123291 440672.890686,97776.4953 440673.590881,97775.755493 440674.171509,97774.926331 440674.614929,97774.032715 440674.907715))","0",Alexanderplein
"POLYGON ((98919.07 442349.91,98936.07 442281.12,98940.9029 442263.7278,98941.6481 442262.4727,98947.049282 442254.986554,98949.321365 442251.930061,98952.03 442253.82,98964.705092 442235.932026,98976.295136 442244.334808,98982.5712 442245.1803,98984.45 442242.55,98961.99 442226.57,98967.7114 442218.531,98996.318733 442238.996656,99008.62 442221.98,99073.24 442131.6,99075.5087 442128.5012,99057.0226 442114.0783,99044.0128 442109.6669,99031.89 442110.81,99017.358441 442110.204963,98915.4059 442037.0922,98844.038219 442130.026182,98846.820782 442131.872305,98841.5 442139.23,98838.79416 442137.357163,98831.329402 442147.443951,98826.834494 442144.046015,98817.672177 442158.658993,98796.624835 442188.341881,98793.000353 442186.002405,98787.335531 442188.003178,98786.665242 442192.666763,98749.94 442188.04,98736.2021 442250.0417,98746.7 442267.44,98736.39 442304.91,98919.07 442349.91))","0",Ambachtsplein
"POLYGON ((98395.86177 440748.69,98432.06374 440630.044891,98413.810646 440611.791797,97868.043143 440474.285158,97876.435153 440435.65291,97887.839711 440388.189823,97889.432995 440382.403686,97896.225416 440336.366168,97922.31 440252.24,97942.2384 440184.4484,97951.3929 440132.6657,97951.9957 440058.0626,97917.8784 440001.141,97900.91 439972.83,97886.35 439948.44,97771.330899 439917.947464,97726.003 440109.6408,97690.396118 440269.091492,97670.295914 440328.75725,97640.118487 440418.33639,97607.562683 440540.739319,97572.623784 440670.1538,97594.38 440675.3,97589.494295 440711.618226,97569.4768 440707.4276,97554.904086 440769.691696,97567.47 440772.22,97586.00354 440777.307889,97729.08 440806.7,97755.518749 440809.238679,97783.694716 440814.571987,97785.807914 440813.968216,97787.518598 440813.465074,97789.32991 440812.961931,97791.967931 440812.351179,97793.757562 440812.257532,97796.273273 440812.358161,97798.990241 440812.961931,97800.982424 440813.991053,97801.936778 440814.500765,97804.485337 440816.604681,97805.28244 440817.325869,97807.039319 440819.256267,97821.431392 440822.082714,97826.434847 440815.888548,97863.72 440823.96,97934.107714 440841.349415,97953.244437 440759.001039,97906.832837 440754.923534,97848.9706 440747.4329,97860.7126 440691.1973,98031.026957 440709.723613,98047.194613 440736.10242,98079.11 440714.38,98329.703123 440742.058924,98395.86177 440748.69))","0",Centrumgebied Alexander
"POLYGON ((99708.0922 444610.2845,99663.1793 444106.7539,99936.377044 444083.500957,99908.838 443776.2,99946.112 443772.607,99949.8467 443833.8231,100010.609 443828.4885,99993.3653 443637.5703,100003.3341 443636.5296,100000.513628 443604.329687,99990.419 443605.197,99929.645 443610.726,99936.776 443689.293,99925.53242 443682.943203,99731.4522 443567.4624,99573.94 443478.59,99536.7844 443456.6638,99413.6823 443347.528,99253.63 443214.49,99114.2439 443100.1174,99051.0075 443188.8217,99067.8982 443201.9228,99083.747436 443213.854102,99109.7427 443232.4528,99123.029007 443241.738699,99126.82 443244.38,99130.095131 443247.133267,99132.68 443249.19,99133.18 443251.44,99133.77 443257.63,99132.9 443259.18,99131.538748 443261.037575,99130.22 443262.81,99130.3 443264.28,99132.46 443267.69,99134.114228 443269.54086,99135.23 443270.81,99138.8 443273.95,99141.44 443277.09,99145.79 443285.16,99145.97 443287.56,99142.05 443295.64,99137.19 443303.63,99131.12 443311.06,99124.672494 443318.380929,99109.63 443335.63,99100.30344 443347.175158,99093.53 443355.55,99082.133711 443368.954363,99074.29 443378.22,99062.38 443393.59,99055.73 443401.31,99053.24 443418.71,99053.1043 443422.5459,99053.2381 443426.3818,99053.6407 443430.1989,99054.3102 443433.9783,99055.2432 443437.7015,99056.4352 443441.35,99057.8803 443444.9058,99059.5713 443448.3515,99061.5 443451.67,99060.663 443526.544,99060.134 443527.1692,99059.2216 443528.5282,99058.8432 443529.2545,99058.5196 443530.0069,99057.803 443533.192,99051.3046 443563.1774,99050.2274 443566.2329,99049.0977 443568.3855,99048.663 443569.07,99040.958414 443580.799469,99030.734 443596.378,99028.171675 443599.690165,99021.236317 443608.646144,99014.543011 443617.286402,99010.631 443622.312,98994.628991 443641.499478,98986.531 443651.213,98984.8206 443653.3144,98983.1927 443655.4804,98981.6498 443657.7076,98980.194 443659.9928,98978.8277 443662.3325,98977.5527 443664.7233,98975.2847 443669.6437,98973.12834 443675.826639,98969.5462 443690.7377,98969.487 443695.357,98970.974 443707.627,98974.286 443721.89,98978.654 443726.018,98981.0622 443729.9915,98983.849 443733.7094,98986.9874 443737.1356,98990.447 443740.2372,98994.1945 443742.984,98998.1936 443745.3496,99002.4056 443747.3111,99006.7899 443748.8495,99011.304 443749.95,99017.34 443751.003,99025.57 443753.724,99068.498 443768.288,99090.7084 443774.5944,99496.329162 443922.350884,99505.192436 444078.344516,99498.101817 444255.610006,99460.876064 444397.422399,99365.152699 444556.961341,99668.947711 444660.8246,99713.052 444657.019,99708.0922 444610.2845))","0",Nesselande
"POLYGON ((97101.704744 438158.223754,97102.294495 438155.605286,97102.619324 438154.230713,97102.400085 438154.200073,97103.0401 438150.770081,97103.430115 438149.080078,97104.180115 438147.380127,97105.110107 438145.890076,97105.710083 438145.130127,97106.740112 438143.990112,97107.510071 438143.240112,97108.910095 438142.190125,97110.420105 438141.320129,97112.150085 438140.640076,97113.840088 438140.220093,97115.580078 438140.020081,97117.440125 438140.06012,97119.170105 438140.330078,97120.850098 438140.81012,97122.5401 438141.56012,97124.010071 438142.460083,97125.370117 438143.570129,97126.660095 438144.910095,97127.680115 438146.340088,97128.500122 438147.890076,97129.160095 438149.760071,97129.350098 438149.710083,97136.31012 438148.05011,97135.510071 438147.250122,97135.267517 438147.000305,97135.028076 438146.747681,97134.791687 438146.492126,97134.558289 438146.233704,97134.328308 438145.97229,97134.101318 438145.708313,97133.877686 438145.441711,97133.657288 438145.172119,97133.440125 438144.900085,97133.137878 438144.50769,97132.842712 438144.110291,97132.554688 438143.70752,97132.273926 438143.299927,97132.000122 438142.887085,97131.733887 438142.469727,97131.475098 438142.047729,97131.223694 438141.621094,97130.980103 438141.190125,97130.750671 438140.781311,97130.528503 438140.368713,97130.313721 438139.952087,97130.106079 438139.531921,97129.905884 438139.108093,97129.713074 438138.680908,97129.527893 438138.250488,97129.350098 438137.816711,97129.180115 438137.380127,97129.008118 438136.910095,97128.845276 438136.43689,97128.691284 438135.960693,97128.546509 438135.481689,97128.410889 438134.999878,97128.284302 438134.515686,97128.16687 438134.029297,97128.058899 438133.54071,97127.960083 438133.05011,97127.85968 438132.57251,97127.768494 438132.092896,97127.686523 438131.611694,97127.613892 438131.129089,97127.550476 438130.645325,97127.496277 438130.160095,97127.451477 438129.674072,97127.416077 438129.1875,97127.390076 438128.700073,97127.374512 438128.221497,97127.36792 438127.74292,97127.370117 438127.264099,97127.381287 438126.785522,97127.401306 438126.307129,97127.430115 438125.829285,97127.467896 438125.352112,97127.514526 438124.875488,97127.570129 438124.400085,97127.636902 438123.836914,97127.714722 438123.27533,97127.803284 438122.715088,97127.90271 438122.156921,97128.012695 438121.600708,97128.133728 438121.046692,97128.265076 438120.495117,97128.407288 438119.946106,97128.56012 438119.400085,97128.706726 438118.925476,97128.861328 438118.453491,97129.023682 438117.983887,97129.193909 438117.517273,97129.371887 438117.053528,97129.557495 438116.592896,97129.750671 438116.135315,97129.951721 438115.680908,97130.160095 438115.230103,97130.376709 438114.784119,97130.601318 438114.341919,97130.833679 438113.903931,97131.074097 438113.470276,97131.322083 438113.040894,97131.577881 438112.616089,97131.841125 438112.195923,97132.111877 438111.780518,97132.390076 438111.370117,97132.656494 438110.997314,97132.929321 438110.629089,97133.208496 438110.265503,97133.493713 438109.906921,97133.785095 438109.553284,97134.08252 438109.204712,97134.385925 438108.861084,97134.695129 438108.522888,97135.010071 438108.190125,97135.441711 438107.74292,97135.883118 438107.305298,97136.333496 438106.877075,97136.793091 438106.458679,97137.261719 438106.050293,97137.738892 438105.6521,97138.224487 438105.264099,97138.718323 438104.886719,97139.220093 438104.520081,97139.633484 438104.234924,97140.051514 438103.956726,97140.474304 438103.685486,97140.901306 438103.421509,97141.332886 438103.16449,97141.768677 438102.914917,97142.208496 438102.672485,97142.652283 438102.4375,97143.100098 438102.210083,97143.429871 438102.045471,97143.762329 438101.885925,97144.096924 438101.731323,97144.433899 438101.581726,97144.773071 438101.437073,97145.114319 438101.297485,97145.45752 438101.16333,97145.802917 438101.034119,97146.150085 438100.910095,97146.690125 438100.7901,97146.990112 438101.200073,97153.900085 438099.370117,97153.840088 438098.860107,97154.660095 438098.700073,97155.200684 438098.58313,97155.742126 438098.469482,97156.284119 438098.359314,97156.826904 438098.252502,97157.3703 438098.149109,97157.914307 438098.049072,97158.458923 438097.952698,97159.004272 438097.85968,97159.55011 438097.770081,97160.118896 438097.676697,97160.688477 438097.58728,97161.258484 438097.501709,97161.829102 438097.420105,97162.40033 438097.342285,97162.972107 438097.268494,97163.544312 438097.198486,97164.116882 438097.132324,97164.690125 438097.070129,97165.331116 438097.001892,97165.97229 438096.937073,97166.614075 438096.875671,97167.25592 438096.817871,97167.898315 438096.763489,97168.540894 438096.712524,97169.183716 438096.664917,97169.826721 438096.620728,97170.470093 438096.580078,97170.967529 438096.554321,97171.465088 438096.530701,97171.962708 438096.508911,97172.46051 438096.489075,97172.958313 438096.471313,97173.456116 438096.455505,97173.954102 438096.441711,97174.452087 438096.429871,97174.950073 438096.420105,97175.504517 438096.411682,97176.059082 438096.406921,97176.613525 438096.405518,97177.168091 438096.407715,97177.722717 438096.41333,97178.2771 438096.422302,97178.831482 438096.434692,97179.385925 438096.450684,97179.940125 438096.470093,97180.439514 438096.488892,97180.938721 438096.510498,97181.437927 438096.534302,97181.937073 438096.56073,97182.435913 438096.589722,97182.934692 438096.620911,97183.433289 438096.654907,97183.931702 438096.691284,97184.430115 438096.730103,97184.592285 438096.741882,97184.7547 438096.753906,97184.91687 438096.766479,97185.079285 438096.77948,97185.241516 438096.792725,97185.403687 438096.806519,97185.565918 438096.820679,97185.727905 438096.835083,97185.890076 438096.850098,97187.385681 438097.017273,97188.879272 438097.201904,97190.370728 438097.404114,97191.859497 438097.623474,97193.345703 438097.860291,97194.829102 438098.114319,97196.309509 438098.385681,97197.786499 438098.674316,97199.260071 438098.980103,97199.554321 438099.040283,97199.848328 438099.101501,97200.14209 438099.163879,97200.43573 438099.227295,97200.729126 438099.291687,97201.022095 438099.3573,97201.315125 438099.423706,97201.607727 438099.491272,97201.900085 438099.56012,97205.085444 438100.182363,97208.870271 438084.835593,97125.72 438065.06,97125.1752 438065.0022,97124.6284 438065.0375,97124.0955 438065.1649,97123.5919 438065.3807,97123.1321 438065.6786,97122.567224 438066.236525,97122.1398 438066.9691,97121.884048 438068.012781,97113.788421 438100.395289,97098.2234 438162.4179,97100.6157 438163.0704,97101.704744 438158.223754))","0",Mia van IJperenplein
"POLYGON ((88113.47999 434089.61498,88115.80998 434090.85999,88223.94 434145.705,88275.585 434171.88,88327.35 434198.13,88379.32 434224.585,88426.53978 434248.5233,88467.1726 434269.07569,88469.3696 434270.80998,88470.7679 434273.2197,88470.869061 434273.534345,88470.955867 434273.85325,88471.028139 434274.175759,88471.085729 434274.50121,88471.128519 434274.828936,88471.156421 434275.158264,88471.169378 434275.488518,88471.167363 434275.819019,88471.15038 434276.14909,88471.118426 434276.47804,88471.071621 434276.805208,88471.010061 434277.129923,88470.933872 434277.45152,88470.84321 434277.769341,88470.73826 434278.082733,88470.619238 434278.391057,88470.486387 434278.693679,88470.33998 434278.98998,88468.11999 434283.38,88465.74 434282.14,88443.1 434326.95,88442.2514 434326.54528,88437.99 434334.29,88435.1426 434338.08448,88433.3 434340.54,88420.19 434353.16999,88417.57 434356.41999,88412.74 434363.63,88404.4416 434380.1377,88364.19 434460.21,88359.535 434500.0,88355.37519 434535.55349,88342.72 434641.91,88342.9854 434643.46798,88370.29498 434645.7933,88438.19 434653.72999,88447.31978 434655.2832,88454.58998 434656.52,88472.35829 434660.85139,88608.27688 434694.0137,88679.58758 434711.42378,88690.23329 434687.2489,88653.84738 434671.0236,88607.9453 434651.61969,88599.24318 434647.6349,88592.5666 434642.2982,88586.72629 434636.4808,88571.7014 434616.4648,88567.10279 434609.62848,88565.76029 434606.7096,88565.2994 434600.97178,88566.1912 434593.14419,88567.91998 434588.3055,88589.3813 434541.70529,88591.253016 434537.479382,88593.156347 434533.267619,88595.091187 434529.070237,88597.057427 434524.887473,88599.054956 434520.719561,88601.083663 434516.566734,88603.143433 434512.429227,88605.234152 434508.307272,88607.3557 434504.2011,88610.107509 434499.145291,88612.943343 434494.136129,88615.862412 434489.175011,88618.863903 434484.263319,88621.946978 434479.402424,88625.110778 434474.593679,88628.354422 434469.838426,88631.677005 434465.137989,88635.0776 434460.49368,88638.864907 434454.975976,88642.546061 434449.386893,88646.119718 434443.728471,88649.584571 434438.00278,88652.939356 434432.21191,88656.182845 434426.357977,88659.313854 434420.44312,88662.33124 434414.469501,88665.2339 434408.4393,88674.53909 434389.85609,88815.47539 434109.6141,88818.84738 434102.3666,88822.24318 434092.902,88825.10288 434080.2231,88825.81789 434068.08,88825.23609 434059.8054,88823.04369 434046.5785,88818.53208 434027.28259,88812.3757 433998.8791,88808.0025 433982.0064,88803.55259 433964.83799,88796.982 433936.1598,88793.05048 433920.16509,88791.06849 433914.22418,88789.01029 433909.19728,88782.21679 433897.16538,88776.1257 433889.1152,88728.78921 433842.83055,88724.8 433838.92998,88719.08998 433833.61998,88715.69998 433830.41999,88705.98592 433823.80865,88710.32993 433819.97509,88712.74254 433817.75938,88713.481303 433816.90432,88714.165305 433816.004854,88714.791884 433815.064483,88715.3586 433814.086868,88715.863247 433813.075815,88716.303862 433812.035259,88716.678728 433810.969251,88716.986387 433809.88194,88717.22564 433808.77756,88717.294011 433808.381518,88717.353584 433807.984057,88717.404328 433807.585373,88717.44622 433807.185662,88717.479239 433806.78512,88717.503368 433806.383945,88717.518595 433805.982333,88717.524914 433805.580482,88717.52232 433805.17859,88717.48212 433803.20272,88717.47133 433798.74793,88717.480071 433798.34479,88717.490292 433797.941685,88717.501994 433797.53862,88717.515175 433797.135601,88717.529835 433796.732633,88717.545975 433796.329721,88717.563595 433795.926872,88717.582693 433795.524089,88717.60327 433795.12138,88717.741696 433792.919371,88717.924106 433790.720569,88718.150427 433788.525852,88718.420569 433786.336097,88718.734423 433784.152178,88719.091865 433781.974969,88719.492752 433779.805339,88719.936922 433777.644155,88720.4242 433775.49228,88721.019101 433773.016323,88721.672725 433770.555216,88722.384705 433768.110353,88723.154635 433765.683116,88723.982082 433763.274879,88724.866576 433760.887005,88725.807617 433758.520845,88726.804673 433756.177738,88727.85718 433753.85901,88775.7191 433648.83523,88777.0179 433645.98527,88780.51897 433638.2638,88799.90493 433593.88478,88802.23131 433588.6365,88805.09347 433582.5763,88829.38808 433532.70227,88829.54931 433532.356379,88829.705191 433532.008045,88829.855687 433531.657351,88830.000763 433531.30438,88830.140384 433530.949216,88830.274516 433530.591942,88830.403128 433530.232645,88830.526189 433529.871409,88830.64367 433529.50832,88830.801675 433528.986672,88830.948159 433528.461672,88831.08305 433527.933575,88831.206283 433527.402637,88831.317799 433526.869114,88831.417543 433526.333266,88831.505467 433525.795352,88831.581528 433525.255633,88831.64569 433524.71437,88831.78359 433522.72979,88831.80317 433522.401035,88831.840921 433522.073867,88831.89673 433521.749292,88831.970423 433521.428305,88832.061776 433521.111891,88832.170508 433520.801019,88832.296285 433520.496645,88832.438721 433520.199702,88832.59738 433519.9111,88837.98097 433508.67168,88838.122779 433508.373113,88838.272805 433508.07859,88838.430932 433507.788336,88838.59704 433507.502574,88838.771 433507.221523,88838.95268 433506.945399,88839.141939 433506.674414,88839.338633 433506.408777,88839.54261 433506.14869,88844.4651 433500.57042,88844.673002 433500.313723,88844.873536 433500.051231,88845.066543 433499.783154,88845.251865 433499.50971,88845.429355 433499.231117,88845.598868 433498.947601,88845.760269 433498.659389,88845.913427 433498.366713,88846.05822 433498.06981,88847.38091 433495.35262,88847.92078 433494.24355,88847.95144 433494.1806,88847.96877 433494.12728,88847.9762 433494.09291,88847.9814 433494.05343,88848.997 433489.652,88855.02499 433472.86599,88855.04545 433472.81818,88855.06342 433472.76938,88857.2645 433466.8213,88857.09643 433466.75569,88842.929 433461.226,88842.63051 433461.10949,88842.482299 433461.017485,88842.347176 433460.907152,88842.227394 433460.78033,88842.12495 433460.639132,88842.041551 433460.485913,88841.978587 433460.323226,88841.937108 433460.153782,88841.917805 433459.980407,88841.921 433459.80599,88840.868 433453.069,88832.44998 433452.62598,88826.422 433452.564,88823.379 433452.629,88813.30998 433453.804,88813.05455 433453.85126,88811.242864 433454.210232,88809.436461 433454.594902,88807.635704 433455.005194,88805.840957 433455.441025,88804.052582 433455.902306,88802.27094 433456.388945,88800.49639 433456.900844,88798.729292 433457.437898,88796.97 433458.0,88752.88 433474.17998,88741.49 433479.16999,88725.35 433488.09,88724.69 433487.80998,88723.97 433485.7,88629.41 433520.47,88630.16 433522.54999,88630.175354 433522.590685,88630.186947 433522.632606,88630.194685 433522.675407,88630.198502 433522.718734,88630.198369 433522.762228,88630.194285 433522.805531,88630.186284 433522.848283,88630.174433 433522.890132,88630.158829 433522.930732,88630.139602 433522.969746,88630.116911 433523.006853,88630.090943 433523.041744,88630.061912 433523.074133,88630.03006 433523.103751,88629.995649 433523.130353,88629.958963 433523.153719,88629.920307 433523.173657,88629.88 433523.19,88614.08 433528.97999,88526.1 433558.28,88436.63998 433591.16,88425.99 433595.53,88415.1 433600.46,88397.0016 433607.11839,88404.1999 433633.2233,88431.57 433707.9,88429.30998 433708.73998,88429.5 433709.26,88428.52998 433715.67998,88443.38 433756.08,88458.55998 433797.38,88457.32 433797.83558,88466.38899 433802.07799,88506.85639 433912.07283,88509.52998 433919.34,88109.23918 434066.53029,88113.47999 434089.61498))","1",Deelgemeente Charlois
"POLYGON ((96208.973587 441276.999812,96039.736184 441952.589829,96940.139428 442180.691984,97731.160353 442382.115525,97901.984928 441690.815609,97863.078183 441681.029796,97703.147808 442326.090434,96950.810874 442139.340132,96086.423759 441927.245145,96245.701781 441285.851278,96226.57811 441281.242488,96208.973587 441276.999812))","0",Pres Wilsonweg
"POLYGON ((95870.7322 441195.4839,97350.549 441552.1186,98104.809834 441746.043994,98232.293 441629.9936,98319.4351 441252.8214,98270.4199 441240.6701,98163.2 441629.48,98095.8538 441685.3951,97366.081 441502.1473,95883.8892 441141.6926,95870.7322 441195.4839))","0",Pres Rooseveltweg
"POLYGON ((98196.218281 441662.833115,98455.900403 441844.754868,98470.306855 441825.012694,98217.851925 441643.13959,98196.218281 441662.833115))","0",Zevenkampseweg
"POLYGON ((98340.32918 442160.20785,98385.708618 441982.579796,98448.380251 441883.717501,98499.576797 441821.045867,98668.553513 441795.174485,98884.795637 441947.344869,98911.122679 442032.312998,98915.4059 442037.0922,99017.358441 442110.204963,99024.021431 442110.482384,99031.89 442110.81,99044.0128 442109.6669,99245.107837 442245.918682,99429.377817 442376.834018,99446.643374 442352.517261,99259.589578 442225.101179,99064.086071 442087.524637,99048.699221 442086.619528,98918.858851 442005.529971,98895.025976 441931.38325,98667.289618 441773.380118,98481.040116 441811.336178,98388.356715 441936.679445,98365.406539 441973.752805,98319.900193 442155.668075,98340.32918 442160.20785))","0",Zevenkampse Ring
"POLYGON ((99429.377817 442376.834018,99582.352272 442481.774875,99614.854763 442508.367822,99650.312026 442532.005998,99676.904973 442540.870313,99702.759228 442544.563778,99755.206429 442543.825085,99869.703841 442530.528612,99885.216394 442529.051226,99899.25156 442537.176849,100150.407173 442719.634015,100221.321699 442773.558602,100315.874401 442841.518356,100597.316426 443032.101145,100612.828979 443009.940356,100330.64826 442814.186716,100165.181033 442695.257146,99918.457578 442517.970831,99904.422411 442509.106515,99891.125938 442506.890436,99867.487762 442505.41305,99752.251657 442516.493445,99704.236614 442520.18691,99684.291903 442517.232138,99659.915035 442508.367822,99624.457772 442486.207033,99594.910053 442464.046244,99446.643374 442352.517261,99429.377817 442376.834018))","0",Laan van Magisch Realisme
"POLYGON ((99549.790895 442011.070541,99537.268872 442001.640912,99499.177107 442128.473931,99477.88012 442154.685607,99373.738869 442302.856647,99399.830406 442320.629509,99503.775104 442174.92981,99517.659054 442133.514462,99549.790895 442011.070541))","0",Schollevaartse Dreef
"POLYGON ((99362.655849 442545.770949,99409.193394 442481.101892,99467.399705 442402.917129,99433.518655 442379.674644,99425.511754 442390.444337,99366.282151 442473.849288,99322.16214 442537.309577,99184.362656 442736.151816,99213.373074 442755.492094,99362.655849 442545.770949))","0",Tochtenweg
"POLYGON ((100181.368896 442743.177917,100161.401489 442727.994324,100135.306519 442777.076477,100161.723083 443088.122314,100195.580872 443474.325073,100210.091492 443613.849121,100226.914307 443789.417908,100229.066711 443855.318909,100245.4375 444040.234924,100290.706116 444566.558899,100320.622498 444565.06311,100274.086487 444037.630493,100245.809692 443787.975281,100236.508118 443618.313904,100213.812073 443374.611877,100202.278076 443241.41272,100182.930725 443045.706909,100157.258301 442779.308899,100181.368896 442743.177917))","0",Laan van Avant Garde
"POLYGON ((99713.052 444657.019,100330.021252 444594.444779,100509.416162 444582.045398,100838.269799 444736.586363,100840.962538 444723.122667,100842.901311 444705.566007,100513.153165 444551.549016,100320.622498 444565.06311,100290.706116 444566.558899,99709.072309 444619.519734,99713.052 444657.019))","0",Brandingdijk
"POLYGON ((96476.678214 437374.082207,96525.698368 437367.895198,96668.951439 437374.558131,96742.62856 437374.646265,96828.623882 437372.178512,96962.33938 437361.888863,97003.763849 437358.138759,97174.962755 437359.053884,97369.158771 437356.218906,97482.072223 437353.957781,97526.636447 437354.312874,97565.591922 437355.997102,97609.461988 437365.32077,97716.443616 437391.656135,97774.560672 437387.403668,97791.980007 437412.104329,97803.977611 437424.251008,97812.832879 437431.345832,97912.343756 437507.675731,98003.702677 437580.132806,98019.951632 437592.734036,98038.407631 437599.683932,98089.325861 437611.859405,98184.657222 437635.116573,98218.650681 437642.773017,98252.183602 437659.093331,98437.117847 437743.158002,98441.01768 437744.723241,98451.973345 437767.797923,98460.7125 437778.7823,98471.2498 437789.0897,98489.476088 437799.052389,98528.935188 437816.730714,98530.45 437811.388,98518.475216 437805.366178,98508.477212 437800.518661,98490.744916 437792.542309,98473.982 437783.5759,98464.8593 437774.8374,98457.578 437763.8804,98450.2841 437744.7404,98436.528112 437737.068167,98408.075707 437724.057969,98373.477791 437708.514812,98348.349688 437696.915012,98320.458357 437684.1063,98291.386897 437670.980967,98272.073086 437661.885342,98254.140889 437653.192688,98219.773242 437636.52697,98203.337793 437631.864023,98182.354532 437626.798106,98157.053727 437620.782328,98130.86063 437614.421147,98109.071427 437609.009826,98096.032445 437605.78606,98047.972789 437594.88951,98023.930968 437586.765033,97998.894312 437566.20513,97926.437237 437510.494427,97814.084573 437424.443825,97799.614516 437409.174808,97787.985206 437392.396644,97777.24363 437378.370454,97746.172956 437380.856107,97716.700202 437381.832614,97664.057602 437369.315571,97566.067846 437346.478626,97527.968048 437343.482525,97483.495062 437343.861044,97369.511307 437343.861044,97170.575149 437349.096207,97067.299679 437349.810092,97003.525887 437347.906397,96959.264971 437351.713788,96822.912796 437360.994302,96742.48167 437364.087807,96660.146848 437365.515578,96525.93633 437359.090607,96473.915798 437362.933886,96476.678214 437374.082207))","0",'s-Gravenweg
"POLYGON ((97452.223608 437741.514816,97343.54107 437732.371916,97224.978302 437731.487119,97010.264526 437737.92511,96918.9331 437743.3096,96866.683556 437746.541933,96867.647522 437753.771484,97010.874084 437745.238709,97112.904044 437740.630019,97224.7995 437737.92511,97343.037476 437739.144104,97450.91449 437748.286072,97551.173381 437759.653149,97660.298316 437783.690129,97749.556885 437802.529297,97847.875233 437848.722692,98049.4666 437950.2579,98116.411055 437987.340853,98235.965053 438063.357164,98341.254514 438134.115382,98352.508 438146.756283,98367.808598 438168.723604,98375.55299 438182.81156,98377.0454 438175.7929,98370.659018 438164.36765,98357.1233 438142.9136,98342.4969 438127.4697,98236.391034 438056.930022,98135.963684 437991.466492,98050.936093 437944.133277,97849.349894 437842.529114,97752.317181 437796.814614,97662.657775 437776.169356,97552.696716 437751.942871,97452.223608 437741.514816))","0",Ringvaartweg
"POLYGON ((98353.65448 438354.451111,98396.718506 438191.112671,98410.655518 438122.496704,98410.880466 438102.61304,98407.363525 438071.621277,98405.2816 438049.287,98409.069477 438029.954482,98413.797302 438019.122681,98430.09552 437998.127075,98449.75293 437985.285095,98466.680115 437980.234497,98501.210083 437971.640076,98506.087708 437946.354492,98459.958923 437958.69928,98435.7086 437968.8935,98415.33429 437981.9505,98394.620117 438002.710083,98389.114319 438019.496704,98386.7559 438033.7817,98387.182678 438059.732483,98390.210083 438115.160095,98374.851074 438186.051331,98332.061707 438352.808289,98332.047485 438352.806519,98300.659912 438463.856079,98260.626892 438641.391907,98246.192505 438692.668701,98226.7547 438723.071716,98194.157898 438762.553528,98154.804077 438787.943481,98062.163086 438862.173523,98010.542725 438915.889282,97970.889893 438967.273071,97949.179871 439007.532471,97931.680115 439057.500122,97908.034729 439166.279114,97912.570679 439167.182678,97747.819519 439820.603088,97651.520081 440209.53009,97615.426697 440312.430725,97590.213928 440380.66748,97573.834473 440439.057922,97316.947083 441490.198486,97367.087524 441502.407471,97421.316528 441269.68927,97508.47168 440939.804077,97560.500122 440715.06012,97607.562683 440540.739319,97640.118487 440418.33639,97690.396118 440269.091492,97771.330872 439917.94751,97856.825684 439490.932495,97940.378113 439172.72113,97962.820129 439058.900085,97986.980103 438986.480103,98017.980103 438935.580078,98066.497681 438887.338684,98139.650085 438833.840088,98194.321106 438790.049927,98223.170105 438763.360107,98249.31311 438726.719116,98265.650879 438695.326904,98275.881104 438666.051514,98292.701111 438598.640503,98316.573303 438502.463684,98353.65448 438354.451111))","0",Prins Alexanderlaan
"POLYGON ((96629.2256 437804.0492,96780.7469 437813.7851,96883.6689 437836.788,96933.32 437851.76,96949.0123 437883.3322,97008.484454 438031.842007,97034.43 438044.13,97190.682483 438074.225942,97495.5396 438155.3334,97723.3792 438202.2085,98025.0487 438275.4807,98133.3497 438352.9493,98316.5477 438400.5968,98322.8353 438374.8048,98160.106 438334.336,98042.3938 438259.5242,97727.2639 438170.5939,97497.216 438118.0959,97191.4184 438041.7255,97052.31 438014.31,97043.0306 437996.4699,96989.29 437867.51,96958.4 437831.38,96884.83 437807.9,96780.61 437789.82,96619.8519 437772.3135,96629.2256 437804.0492))","0",Jacques Dutilhweg
"POLYGON ((98419.899902 440568.414673,97876.435303 440435.652893,97868.043274 440474.285278,98401.861084 440608.781128,98419.899902 440568.414673))","0",Hoofdweg
"POLYGON ((96449.070637 439130.85854,97834.25206 439477.802551,97845.34555 439433.804602,96456.652014 439092.951652,96449.070637 439130.85854))","0",Prinsenlaan
"POLYGON ((97077.045486 438052.33821,96843.106849 438992.402618,96834.55759 439006.651383,96811.759566 439020.900148,96761.888887 439053.672308,96743.365492 439076.470333,96726.266974 439116.366876,96714.522592 439156.245637,96729.281163 439159.868108,96739.090863 439117.791752,96753.339628 439079.320086,96771.863023 439063.646444,96813.184442 439035.148914,96844.531726 439018.050395,96854.861258 439006.00805,97090.947657 438055.015921,97077.045486 438052.33821))","0",Koningslaan
"POLYGON ((97915.046773 439996.41656,98145.157453 439862.550031,98189.329704 439857.481085,98234.22609 439856.032814,98331.260214 439880.653413,98357.329084 439895.860253,98399.328929 439932.067016,98449.294261 439991.446107,98573.845526 440112.376696,98600.413876 440160.321529,98616.285373 440176.458121,98671.151037 440220.768001,98678.845138 440210.134956,98628.15567 440171.031652,98611.500559 440150.755864,98581.811014 440105.135343,98457.259749 439983.48062,98408.018552 439926.273934,98364.570436 439887.17063,98334.880891 439870.515519,98235.67436 439845.89492,98190.053839 439845.170785,98142.260912 439848.791461,97905.406069 439980.331486,97915.046773 439996.41656))","0",Evenaar
"POLYGON ((98499.576904 441821.045898,98668.553528 441795.1745,98884.795715 441947.34491,98911.122681 442032.31311,98915.405884 442037.092285,99017.358521 442110.205078,99024.021484 442110.482483,99031.890076 442110.81012,99044.012878 442109.66687,99245.10791 442245.918701,99429.37793 442376.834106,99446.643494 442352.517273,99259.589722 442225.101318,99064.086121 442087.524719,99048.69928 442086.619507,98918.858887 442005.53009,98895.026123 441931.383301,98667.289673 441773.380127,98481.0401 441811.336304,98388.356689 441936.679504,98365.406677 441973.75293,98321.408696 442155.92961,98317.431919 442168.996163,98313.171086 442178.08594,98307.166607 442183.962027,98279.368481 442192.57277,98265.139709 442200.218079,98258.632429 442214.160989,98234.412109 442313.838501,98230.881066 442327.183021,98230.839111 442336.705505,98234.13031 442346.364075,98245.13092 442355.999512,98319.44873 442408.164917,98410.202271 442471.763672,98415.972204 442462.349449,98256.020353 442348.814999,98247.426119 442339.045919,98244.729634 442322.469988,98256.020353 442271.661753,98272.770569 442217.151187,98282.425597 442208.703037,98292.150979 442203.36688,98315.727586 442196.833603,98325.101417 442189.732215,98333.366349 442178.267941,98338.167971 442159.906387,98385.708679 441982.579895,98448.38031 441883.717529,98499.576904 441821.045898))","0", Zevenkampse Ring
"POLYGON ((98588.163759 434059.820752,98633.30745 434073.058375,98622.243714 434097.029802,98679.775139 434123.213976,98688.626127 434165.993754,98693.805828 434164.878208,98704.852939 434216.518146,98782.431593 434199.823086,98737.306563 433972.378382,98663.917118 433987.498821,98658.754041 433959.839482,98610.442396 433969.428053,98618.924593 434010.732665,98580.201519 434018.846071,98588.163759 434059.820752))","0",Winkelcentrum Beverwaard
"POLYGON ((95275.233208 434710.341348,95196.747819 434741.735504,95304.901963 434858.81293,95418.063834 434805.104757,95466.775898 434782.122655,95598.922984 434732.161564,95786.509453 434661.007675,95873.95879 434652.223818,95859.71988 434507.086849,95753.802366 434542.059613,95724.575128 434453.12887,95248.323932 434632.97718,95275.233208 434710.341348))","0",Veranda
